{"mean":{"confidence_interval":{"confidence_level":0.95,"lower_bound":6064768069.66,"upper_bound":6132010429.9225},"point_estimate":6097279501.18,"standard_error":17118071.874827854},"median":{"confidence_interval":{"confidence_level":0.95,"lower_bound":6022369122.0,"upper_bound":6097599673.0},"point_estimate":6056548938.5,"standard_error":17998894.131920394},"median_abs_dev":{"confidence_interval":{"confidence_level":0.95,"lower_bound":84889962.8038019,"upper_bound":164118123.16102087},"point_estimate":112743628.55460048,"standard_error":20124788.941101294},"slope":null,"std_dev":{"confidence_interval":{"confidence_level":0.95,"lower_bound":127477140.5165495,"upper_bound":212024304.62703258},"point_estimate":170690356.04481938,"standard_error":21628571.339848325}}