{"mean":{"confidence_interval":{"confidence_level":0.95,"lower_bound":1522221195.509,"upper_bound":1531014310.577},"point_estimate":1526569805.11,"standard_error":2255591.4866517023},"median":{"confidence_interval":{"confidence_level":0.95,"lower_bound":1517130535.0,"upper_bound":1531101741.0},"point_estimate":1524477245.5,"standard_error":3727051.62162094},"median_abs_dev":{"confidence_interval":{"confidence_level":0.95,"lower_bound":17999811.87863946,"upper_bound":28864196.25595808},"point_estimate":24181467.24959314,"standard_error":2789769.0127932904},"slope":null,"std_dev":{"confidence_interval":{"confidence_level":0.95,"lower_bound":19544659.53983984,"upper_bound":25389144.561133537},"point_estimate":22622200.47698752,"standard_error":1492454.8100547725}}