{"mean":{"confidence_interval":{"confidence_level":0.95,"lower_bound":8819822086.45225,"upper_bound":9199367894.02},"point_estimate":9008253068.97,"standard_error":96923881.03092737},"median":{"confidence_interval":{"confidence_level":0.95,"lower_bound":8783980262.0,"upper_bound":9209674812.0},"point_estimate":8924597820.5,"standard_error":106554700.78318603},"median_abs_dev":{"confidence_interval":{"confidence_level":0.95,"lower_bound":714384164.1647458,"upper_bound":1204138532.1737676},"point_estimate":955082453.706497,"standard_error":121533186.3700774},"slope":null,"std_dev":{"confidence_interval":{"confidence_level":0.95,"lower_bound":836603102.5165968,"upper_bound":1091350011.6465347},"point_estimate":971903479.4033903,"standard_error":65100521.94655454}}