{"mean":{"confidence_interval":{"confidence_level":0.95,"lower_bound":12633142073.83,"upper_bound":13149217100.3315},"point_estimate":12890733426.37,"standard_error":131793041.75007264},"median":{"confidence_interval":{"confidence_level":0.95,"lower_bound":12406454932.5,"upper_bound":13055433518.5},"point_estimate":12757473058.0,"standard_error":159394988.21787804},"median_abs_dev":{"confidence_interval":{"confidence_level":0.95,"lower_bound":922357018.5570896,"upper_bound":1545722535.8055637},"point_estimate":1268290057.7860503,"standard_error":151220532.49973157},"slope":null,"std_dev":{"confidence_interval":{"confidence_level":0.95,"lower_bound":1151293732.283488,"upper_bound":1485921901.1875818},"point_estimate":1329402550.566909,"standard_error":85513253.68917939}}