{"mean":{"confidence_interval":{"confidence_level":0.95,"lower_bound":-0.006027948328533061,"upper_bound":0.0002248917367270785},"point_estimate":-0.002767640977534347,"standard_error":0.001598834777089306},"median":{"confidence_interval":{"confidence_level":0.95,"lower_bound":-0.005991965001862674,"upper_bound":0.0025380500424718733},"point_estimate":-0.0013658886635187217,"standard_error":0.0022084788093807367}}