{"mean":{"confidence_interval":{"confidence_level":0.95,"lower_bound":8797801249.536,"upper_bound":9159198320.3065},"point_estimate":8978989279.22,"standard_error":92233270.03222269},"median":{"confidence_interval":{"confidence_level":0.95,"lower_bound":8659097460.5,"upper_bound":9202388967.5},"point_estimate":8979309842.5,"standard_error":142883175.5351485},"median_abs_dev":{"confidence_interval":{"confidence_level":0.95,"lower_bound":762254002.2212863,"upper_bound":1218919873.3862638},"point_estimate":1032434590.619722,"standard_error":117613663.46402282},"slope":null,"std_dev":{"confidence_interval":{"confidence_level":0.95,"lower_bound":808065224.6202862,"upper_bound":1028598555.5915184},"point_estimate":924503075.2775332,"standard_error":56216015.31797167}}