{"mean":{"confidence_interval":{"confidence_level":0.95,"lower_bound":2829079.9158333326,"upper_bound":2831251.7304166663},"point_estimate":2829848.6816666652,"standard_error":656.8653461344072},"median":{"confidence_interval":{"confidence_level":0.95,"lower_bound":2829031.333333333,"upper_bound":2829311.0555555555},"point_estimate":2829156.888888889,"standard_error":73.56363846827738},"median_abs_dev":{"confidence_interval":{"confidence_level":0.95,"lower_bound":444.03869211673737,"upper_bound":815.4299855232239},"point_estimate":625.6571888923645,"standard_error":94.2891423793449},"slope":null,"std_dev":{"confidence_interval":{"confidence_level":0.95,"lower_bound":631.6078679969594,"upper_bound":11267.672697024072},"point_estimate":6594.159849406094,"standard_error":3785.771387557774}}