{"mean":{"confidence_interval":{"confidence_level":0.95,"lower_bound":7791997302.8635,"upper_bound":8162021856.02},"point_estimate":7972201383.78,"standard_error":95248685.62603654},"median":{"confidence_interval":{"confidence_level":0.95,"lower_bound":7619341931.0,"upper_bound":7823357245.0},"point_estimate":7703042166.0,"standard_error":56607854.50345829},"median_abs_dev":{"confidence_interval":{"confidence_level":0.95,"lower_bound":431982741.3992733,"upper_bound":705244023.5417157},"point_estimate":606101021.3978559,"standard_error":71246792.27888548},"slope":null,"std_dev":{"confidence_interval":{"confidence_level":0.95,"lower_bound":704004194.9765819,"upper_bound":1163710869.3677979},"point_estimate":957193918.1421407,"standard_error":117493675.31531984}}