{"mean":{"confidence_interval":{"confidence_level":0.95,"lower_bound":-0.005057108649951943,"upper_bound":0.001898626436767634},"point_estimate":-0.0015957879336634395,"standard_error":0.0017745191369429327},"median":{"confidence_interval":{"confidence_level":0.95,"lower_bound":-0.004484985088265225,"upper_bound":0.0031466435959686123},"point_estimate":-0.0003322165218488937,"standard_error":0.0019169409742285954}}