{"mean":{"confidence_interval":{"confidence_level":0.95,"lower_bound":111029.56676342298,"upper_bound":112434.63416052896},"point_estimate":111711.88734828486,"standard_error":359.1685459372954},"median":{"confidence_interval":{"confidence_level":0.95,"lower_bound":110439.62417582418,"upper_bound":111940.82011904762},"point_estimate":111093.51540178573,"standard_error":370.0581607920416},"median_abs_dev":{"confidence_interval":{"confidence_level":0.95,"lower_bound":3080.613818896694,"upper_bound":4490.892746283854},"point_estimate":3749.4134681944556,"standard_error":348.2609833998825},"slope":{"confidence_interval":{"confidence_level":0.95,"lower_bound":109060.37379828724,"upper_bound":110376.46247380294},"point_estimate":109683.12343650911,"standard_error":336.4662695908366},"std_dev":{"confidence_interval":{"confidence_level":0.95,"lower_bound":2976.7599875657957,"upper_bound":4248.8882688870735},"point_estimate":3611.7374892800776,"standard_error":328.7333198676156}}