{"mean":{"confidence_interval":{"confidence_level":0.95,"lower_bound":331518.61591966747,"upper_bound":332682.45368168206},"point_estimate":332076.9260821988,"standard_error":297.3118640029623},"median":{"confidence_interval":{"confidence_level":0.95,"lower_bound":331217.85164835164,"upper_bound":331880.29040404037},"point_estimate":331550.45555138786,"standard_error":162.4176031178357},"median_abs_dev":{"confidence_interval":{"confidence_level":0.95,"lower_bound":1266.9030699616735,"upper_bound":2224.1448789546102},"point_estimate":1690.9061346920907,"standard_error":247.15434649416628},"slope":{"confidence_interval":{"confidence_level":0.95,"lower_bound":331133.0109839597,"upper_bound":331900.3912256252},"point_estimate":331533.60576153884,"standard_error":196.03054277563876},"std_dev":{"confidence_interval":{"confidence_level":0.95,"lower_bound":2245.7267227662887,"upper_bound":3624.692405967932},"point_estimate":2991.0226515281965,"standard_error":352.3540094244946}}