{"mean":{"confidence_interval":{"confidence_level":0.95,"lower_bound":4953002837.3695,"upper_bound":5138906433.42475},"point_estimate":5045191513.97,"standard_error":47218756.783565745},"median":{"confidence_interval":{"confidence_level":0.95,"lower_bound":4942862872.0,"upper_bound":5136431924.0},"point_estimate":5044914213.5,"standard_error":50048347.84133126},"median_abs_dev":{"confidence_interval":{"confidence_level":0.95,"lower_bound":321421048.5542357,"upper_bound":606727476.2255341},"point_estimate":458748033.47459435,"standard_error":74601014.22594778},"slope":null,"std_dev":{"confidence_interval":{"confidence_level":0.95,"lower_bound":407917355.4973188,"upper_bound":533106399.6661095},"point_estimate":473701504.49360836,"standard_error":32058812.099825434}}