{"mean":{"confidence_interval":{"confidence_level":0.95,"lower_bound":407170267.16,"upper_bound":409631403.47},"point_estimate":408406045.3,"standard_error":630223.2876364805},"median":{"confidence_interval":{"confidence_level":0.95,"lower_bound":406950180.0,"upper_bound":409018699.5},"point_estimate":408078758.5,"standard_error":544592.6738383528},"median_abs_dev":{"confidence_interval":{"confidence_level":0.95,"lower_bound":4210070.204356313,"upper_bound":8156778.762388229},"point_estimate":6249198.919254541,"standard_error":993873.0945728712},"slope":null,"std_dev":{"confidence_interval":{"confidence_level":0.95,"lower_bound":5522756.956905339,"upper_bound":7095854.945627192},"point_estimate":6367415.823453295,"standard_error":398190.01071198244}}