{"mean":{"confidence_interval":{"confidence_level":0.95,"lower_bound":5962075730.9922495,"upper_bound":5990866087.42},"point_estimate":5976749816.24,"standard_error":7505877.965565888},"median":{"confidence_interval":{"confidence_level":0.95,"lower_bound":5962605119.0,"upper_bound":5996882362.0},"point_estimate":5982451621.5,"standard_error":8258328.959434995},"median_abs_dev":{"confidence_interval":{"confidence_level":0.95,"lower_bound":53287778.01165283,"upper_bound":87290882.97727704},"point_estimate":69004124.2519319,"standard_error":8711929.556518804},"slope":null,"std_dev":{"confidence_interval":{"confidence_level":0.95,"lower_bound":63167104.42847343,"upper_bound":87377758.15146421},"point_estimate":75369420.4976865,"standard_error":6183319.402079307}}