{"mean":{"confidence_interval":{"confidence_level":0.95,"lower_bound":730681.2955502308,"upper_bound":753267.0091780301},"point_estimate":741663.5701995791,"standard_error":5750.517209920814},"median":{"confidence_interval":{"confidence_level":0.95,"lower_bound":709015.4063513116,"upper_bound":714734.5277777778},"point_estimate":711327.1633317261,"standard_error":1475.7649996363675},"median_abs_dev":{"confidence_interval":{"confidence_level":0.95,"lower_bound":7752.392023482664,"upper_bound":16901.18547935197},"point_estimate":10697.621031242492,"standard_error":2437.4420525577098},"slope":{"confidence_interval":{"confidence_level":0.95,"lower_bound":724844.576920841,"upper_bound":750604.6302467834},"point_estimate":737212.5322629428,"standard_error":6588.328788241551},"std_dev":{"confidence_interval":{"confidence_level":0.95,"lower_bound":48662.11446437751,"upper_bound":64828.25260386432},"point_estimate":58037.72038646281,"standard_error":4130.3032159851455}}