{"mean":{"confidence_interval":{"confidence_level":0.95,"lower_bound":7385825355.173,"upper_bound":7518688539.69},"point_estimate":7450867042.56,"standard_error":33765701.914053716},"median":{"confidence_interval":{"confidence_level":0.95,"lower_bound":7320198840.0,"upper_bound":7486315596.0},"point_estimate":7409440934.0,"standard_error":41661734.19416174},"median_abs_dev":{"confidence_interval":{"confidence_level":0.95,"lower_bound":241651637.64852583,"upper_bound":374143924.84131753},"point_estimate":324072494.02346313,"standard_error":34145446.93219228},"slope":null,"std_dev":{"confidence_interval":{"confidence_level":0.95,"lower_bound":288717712.07028466,"upper_bound":389628443.21019214},"point_estimate":341735194.7202296,"standard_error":25529203.46142124}}