{"mean":{"confidence_interval":{"confidence_level":0.95,"lower_bound":8319449137.57325,"upper_bound":8828319889.144749},"point_estimate":8565633025.74,"standard_error":129791844.85964055},"median":{"confidence_interval":{"confidence_level":0.95,"lower_bound":7804951165.0,"upper_bound":8374252587.0},"point_estimate":7973367931.0,"standard_error":166271126.63985476},"median_abs_dev":{"confidence_interval":{"confidence_level":0.95,"lower_bound":606588167.4255073,"upper_bound":1303218201.7239008},"point_estimate":825228729.6717614,"standard_error":197399041.7812433},"slope":null,"std_dev":{"confidence_interval":{"confidence_level":0.95,"lower_bound":1102984217.7783885,"upper_bound":1453885451.3139753},"point_estimate":1297577106.4338949,"standard_error":89231480.28937477}}