{"mean":{"confidence_interval":{"confidence_level":0.95,"lower_bound":12696664359.274752,"upper_bound":13172844402.116251},"point_estimate":12933832384.34,"standard_error":121462138.12907195},"median":{"confidence_interval":{"confidence_level":0.95,"lower_bound":12575737566.0,"upper_bound":13241325989.0},"point_estimate":12985054092.5,"standard_error":179839120.6974446},"median_abs_dev":{"confidence_interval":{"confidence_level":0.95,"lower_bound":942209786.1067325,"upper_bound":1500957308.4251542},"point_estimate":1168547354.3310375,"standard_error":147429666.62238508},"slope":null,"std_dev":{"confidence_interval":{"confidence_level":0.95,"lower_bound":1060050624.1909257,"upper_bound":1357602598.5039718},"point_estimate":1220041163.4030457,"standard_error":76255087.65136495}}