{"mean":{"confidence_interval":{"confidence_level":0.95,"lower_bound":12690972481.97,"upper_bound":13184268479.76},"point_estimate":12934115978.22,"standard_error":125940708.18379918},"median":{"confidence_interval":{"confidence_level":0.95,"lower_bound":12542408415.0,"upper_bound":13177328630.0},"point_estimate":12899440878.5,"standard_error":156494016.43556422},"median_abs_dev":{"confidence_interval":{"confidence_level":0.95,"lower_bound":958345056.5368742,"upper_bound":1553439229.7846408},"point_estimate":1193036108.216375,"standard_error":150427846.93340582},"slope":null,"std_dev":{"confidence_interval":{"confidence_level":0.95,"lower_bound":1083293219.0117557,"upper_bound":1431960871.1735256},"point_estimate":1265004406.87566,"standard_error":88647344.11317815}}