{"mean":{"confidence_interval":{"confidence_level":0.95,"lower_bound":1505044770.698,"upper_bound":1512740785.84575},"point_estimate":1508995675.87,"standard_error":1952287.5415853327},"median":{"confidence_interval":{"confidence_level":0.95,"lower_bound":1504711745.0,"upper_bound":1513440187.0},"point_estimate":1508559675.0,"standard_error":2253606.2459745286},"median_abs_dev":{"confidence_interval":{"confidence_level":0.95,"lower_bound":13560986.876544356,"upper_bound":25341311.88070178},"point_estimate":20878125.537139177,"standard_error":2934207.1807183917},"slope":null,"std_dev":{"confidence_interval":{"confidence_level":0.95,"lower_bound":16658480.57907296,"upper_bound":22230671.190693974},"point_estimate":19517221.093818866,"standard_error":1432358.4884361497}}